<?xml version="1.0" encoding="UTF-8"?>
<project-private xmlns="http://www.netbeans.org/ns/project-private/1">
    <editor-bookmarks xmlns="http://www.netbeans.org/ns/editor-bookmarks/2" lastBookmarkId="0"/>
    <open-files xmlns="http://www.netbeans.org/ns/projectui-open-files/2">
        <group>
            <file>file:/C:/Users/loric/Downloads/JavaApplication_1Slam_Projet2_Sirh-Infoware/src/modele/dao/DaoSalarie.java</file>
            <file>file:/C:/Users/loric/Downloads/JavaApplication_1Slam_Projet2_Sirh-Infoware/src/vue/JFrameListeSalaries.java</file>
            <file>file:/C:/Users/loric/Downloads/JavaApplication_1Slam_Projet2_Sirh-Infoware/src/modele/metier/Service.java</file>
            <file>file:/C:/Users/loric/Downloads/JavaApplication_1Slam_Projet2_Sirh-Infoware/src/vue/JDialogAjouter.java</file>
        </group>
    </open-files>
</project-private>
